[{
	"model": "debugger",
	"id": "debugger",
	"position": {
		"x": 1, "y": 8
	},
	"animation": "first",
	"events": [{
		"type": "dialog",
		"message": "What's up, bro? You wanna fight?"
	},{
		"type": "attack",
		"message": "Ouch, that hurt!",
		"trigger": [ "attack" ]
	},{
		"type": "dialog",
		"message": "Please don't beat me again, dude."
	}]
},{
	"model": "broadleaf",
	"id": "living-broadleaf",
	"animation": "second",
	"victim": true,
	"position": {
		"x": 2, "y": 13
	},
	"events": [{
		"type": "dialog",
		"message": "What's up?"
	},{
		"type": "dialog",
		"message": "I'm a broadleaf - you talk to trees?"
	},{
		"type": "dialog",
		"message": "You should think of calling a doc, man."
	}]
},

{
	"model": "stone-water",
	"position": {
		"x": 4, "y": 15
	}
},


{
	"model": "emoboy",
	"id": "player",
	"type": "player",
	"position": {
		"x": 14, "y": 10
	},
	"animation": "wait"
},









{
	"model": "flower-red",
	"position": {
		"x": 4, "y": 8
	}
},{
	"model": "flower-red",
	"position": {
		"x": 5, "y": 7
	}
},{
	"model": "flower-blue",
	"position": {
		"x": 5, "y": 8
	}
},{
	"model": "flower-red",
	"position": {
		"x": 5, "y": 9
	}
},{
	"model": "flower-red",
	"position": {
		"x": 6, "y": 8
	}
},{
	"model": "flower-red",
	"position": {
		"x": 7, "y": 8
	}
},{
	"model": "flower-red",
	"position": {
		"x": 8, "y": 8
	}
},


{
	"model": "flower-red",
	"position": {
		"x": 5, "y": 13
	}
},{
	"model": "flower-red",
	"position": {
		"x": 6, "y": 12
	}
},{
	"model": "flower-blue",
	"position": {
		"x": 6, "y": 13
	}
},{
	"model": "flower-red",
	"position": {
		"x": 6, "y": 14
	}
},{
	"model": "flower-red",
	"position": {
		"x": 7, "y": 13
	}
},{
	"model": "flower-red",
	"position": {
		"x": 8, "y": 13
	}
},{
	"model": "flower-red",
	"position": {
		"x": 9, "y": 13
	}
},









{
	"model": "bush",
	"position": {
		"x": 1, "y": 1
	}
},{
	"model": "bush",
	"position": {
		"x": 1, "y": 2
	}
},{
	"model": "bush",
	"position": {
		"x": 1, "y": 3
	}
},{
	"model": "bush",
	"position": {
		"x": 1, "y": 4
	}
},{
	"model": "bush",
	"position": {
		"x": 1, "y": 5
	}
},{
	"model": "bush",
	"position": {
		"x": 2, "y": 2
	}
},{
	"model": "bush",
	"position": {
		"x": 3, "y": 3
	}
},{
	"model": "bush",
	"position": {
		"x": 4, "y": 4
	}
},{
	"model": "bush",
	"position": {
		"x": 5, "y": 1
	}
},{
	"model": "bush",
	"position": {
		"x": 5, "y": 2
	}
},{
	"model": "bush",
	"position": {
		"x": 5, "y": 3
	}
},{
	"model": "bush",
	"position": {
		"x": 5, "y": 4
	}
},{
	"model": "bush",
	"position": {
		"x": 5, "y": 5
	}
},{
	"model": "conifer",
	"id": "conifer-in-ninja",
	"victim": true,
	"position": {
		"x": 7, "y": 3
	}
},{
	"model": "flower-blue",
	"position": {
		"x": 8, "y": 1
	}
},{
	"model": "bush",
	"position": {
		"x": 10, "y": 1
	}
},{
	"model": "bush",
	"position": {
		"x": 10, "y": 2
	}
},{
	"model": "bush",
	"position": {
		"x": 10, "y": 3
	}
},{
	"model": "bush",
	"position": {
		"x": 10, "y": 4
	}
},{
	"model": "bush",
	"position": {
		"x": 10, "y": 5
	}
},{
	"model": "bush",
	"position": {
		"x": 11, "y": 2
	}
},{
	"model": "bush",
	"position": {
		"x": 12, "y": 3
	}
},{
	"model": "bush",
	"position": {
		"x": 13, "y": 4
	}
},{
	"model": "bush",
	"position": {
		"x": 14, "y": 1
	}
},{
	"model": "bush",
	"position": {
		"x": 14, "y": 2
	}
},{
	"model": "bush",
	"position": {
		"x": 14, "y": 3
	}
},{
	"model": "bush",
	"position": {
		"x": 14, "y": 4
	}
},{
	"model": "bush",
	"position": {
		"x": 14, "y": 5
	}
},{
	"model": "broadleaf",
	"position": {
		"x": 17, "y": 3
	}
},{
	"model": "bush",
	"position": {
		"x": 16, "y": 5
	}
},{
	"model": "bush",
	"position": {
		"x": 17, "y": 5
	}
},{
	"model": "bush",
	"position": {
		"x": 18, "y": 2
	}
},{
	"model": "flower-red",
	"position": {
		"x": 18, "y": 1
	}
},{
	"model": "bush",
	"position": {
		"x": 20, "y": 5
	}
},{
	"model": "bush",
	"position": {
		"x": 20, "y": 4
	}
},{
	"model": "bush",
	"position": {
		"x": 20, "y": 3
	}
},{
	"model": "bush",
	"position": {
		"x": 20, "y": 2
	}
},{
	"model": "bush",
	"position": {
		"x": 21, "y": 1
	}
},{
	"model": "bush",
	"position": {
		"x": 22, "y": 1
	}
},{
	"model": "bush",
	"position": {
		"x": 23, "y": 2
	}
},{
	"model": "bush",
	"position": {
		"x": 23, "y": 3
	}
},{
	"model": "bush",
	"position": {
		"x": 23, "y": 4
	}
},{
	"model": "bush",
	"position": {
		"x": 23, "y": 5
	}
},{
	"model": "bush",
	"position": {
		"x": 21, "y": 3
	}
},{
	"model": "bush",
	"position": {
		"x": 22, "y": 3
	}
},










{
	"model": "house-wood",
	"position": {
		"x": 40, "y": 10
	}
},{
	"model": "house-stone",
	"position": {
		"x": 22, "y": 16
	}
},{
	"model": "conifer",
	"position": {
		"x": 36, "y": 12
	}
},{
	"model": "flower-red",
	"position": {
		"x": 40, "y": 15
	}
},{
	"model": "flower-red",
	"position": {
		"x": 42, "y": 16
	}
},{
	"model": "flower-red",
	"position": {
		"x": 44, "y": 15
	}
},{
	"model": "conifer",
	"position": {
		"x": 18, "y": 15
	}
},{
	"model": "broadleaf",
	"position": {
		"x": 25, "y": 12
	}
},{
	"model": "broadleaf",
	"position": {
		"x": 29, "y": 17
	}
},{
	"model": "broadleaf",
	"position": {
		"x": 46, "y": 10
	}
}
]
